{"name":"2dd678e5-183d-43aa-8c72-729a2a3fe7b4","id":"/providers/Microsoft.Flow/flows/2dd678e5-183d-43aa-8c72-729a2a3fe7b4","type":"Microsoft.Flow/flows","properties":{"apiId":"/providers/Microsoft.PowerApps/apis/shared_logicflows","displayName":"Copy of - Copy of - Send notificatio when workspace ahs one admin","definition":{"metadata":{"workflowEntityId":null,"processAdvisorMetadata":null,"flowChargedByPaygo":null,"flowclientsuspensionreason":"None","flowclientsuspensiontime":null,"flowclientsuspensionreasondetails":null,"creator":{"id":"3d50a488-f2fc-4697-b2ec-3493f68748a2","type":"User","tenantId":"12d9ec4e-db19-47e5-a1ce-3d1e4216d6a5"},"provisioningMethod":"FromDefinition","failureAlertSubscription":true,"clientLastModifiedTime":"2024-06-02T14:42:06.9260688Z","connectionKeySavedTimeKey":"2024-06-02T14:42:06.9260688Z"},"$schema":"https://schema.management.azure.com/providers/Microsoft.Logic/schemas/2016-06-01/workflowdefinition.json#","contentVersion":"1.0.0.0","parameters":{"$connections":{"defaultValue":{},"type":"Object"},"$authentication":{"defaultValue":{},"type":"SecureObject"}},"triggers":{"Recurrence":{"recurrence":{"frequency":"Day","interval":1,"timeZone":"W. Europe Standard Time","startTime":"2023-05-31T09:00:00Z","schedule":{"hours":["8"]}},"metadata":{"operationMetadataId":"3b6729ac-f335-421e-8624-fb5a08fa4ca0"},"type":"Recurrence"}},"actions":{"Run_a_query_against_a_dataset":{"runAfter":{},"metadata":{"operationMetadataId":"f44a9b40-b671-475b-a6fe-37a0bb793a9a"},"type":"OpenApiConnection","inputs":{"host":{"apiId":"/providers/Microsoft.PowerApps/apis/shared_powerbi","connectionName":"shared_powerbi","operationId":"ExecuteDatasetQuery"},"parameters":{"groupid":"73c04418-a09a-4898-b5b0-ac2e11964e1f","datasetid":"f4021de9-97ca-4dc3-a4dd-9d382c764af4","specification/query":"DEFINE\n\tVAR __DS0Core = \n\t\tSUMMARIZECOLUMNS(\n\t\t\tROLLUPADDISSUBTOTAL('workspaces'[name], \"IsGrandTotalRowTotal\"),\n\t\t\t\"AdminCountNewestDate\", 'workspace_users'[AdminCountNewestDate]\n\t\t)\n\n\tVAR __DS0PrimaryWindowed = \n\t\tTOPN(502, __DS0Core, [IsGrandTotalRowTotal], 0, [AdminCountNewestDate], 0, 'workspaces'[name], 1)\n\nEVALUATE\n\t__DS0PrimaryWindowed\n\nORDER BY\n\t[IsGrandTotalRowTotal] DESC, [AdminCountNewestDate] DESC, 'workspaces'[name]","specification/serializerSettings/includeNulls":false},"authentication":"@parameters('$authentication')"}},"Parse_JSON":{"runAfter":{"Run_a_query_against_a_dataset":["Succeeded"]},"metadata":{"operationMetadataId":"7a139f30-8413-4f99-968a-a35b8371e0a4"},"type":"ParseJson","inputs":{"content":"@body('Run_a_query_against_a_dataset')","schema":{"results":[{"tables":[{"rows":[{"workspaces[name]":"Workspace Name","[IsGrandTotalRowTotal]":false,"[AdminCountNewestDate]":1}]}]}]}}},"SingleAdminWorkspaces":{"runAfter":{"Parse_JSON":["Succeeded"]},"metadata":{"operationMetadataId":"be8d727b-07ce-4b14-95f3-c40f17dc061e"},"type":"InitializeVariable","inputs":{"variables":[{"name":"SingleAdminWorkspaces","type":"array","value":[]}]}},"Apply_to_each":{"foreach":"@body('Parse_JSON')?['results'][0]['tables'][0]['rows']","actions":{"Condition":{"actions":{"RunQueryUserEmail":{"runAfter":{},"metadata":{"operationMetadataId":"a4405257-ef06-4215-bdb8-17e18add8a4e"},"type":"OpenApiConnection","inputs":{"host":{"apiId":"/providers/Microsoft.PowerApps/apis/shared_powerbi","connectionName":"shared_powerbi","operationId":"ExecuteDatasetQuery"},"parameters":{"groupid":"73c04418-a09a-4898-b5b0-ac2e11964e1f","datasetid":"f4021de9-97ca-4dc3-a4dd-9d382c764af4","specification/query":"DEFINE\n\tVAR __DS0FilterTable = \n\t\tTREATAS({\"@{items('Apply_to_each')?['workspaces[name]']}\"}, 'workspaces'[name])\n\n\tVAR __DS0FilterTable2 = \n\t\tTREATAS({\"Admin\"}, 'workspace_users'[groupUserAccessRight])\n\n\tVAR __DS0Core = \n\t\tSUMMARIZECOLUMNS(\n\t\t\tROLLUPADDISSUBTOTAL(\n\t\t\t\tROLLUPGROUP(\n\t\t\t\t\t'workspaces'[name],\n\t\t\t\t\t'workspace_users'[emailAddress],\n\t\t\t\t\t'workspace_users'[groupUserAccessRight]\n\t\t\t\t), \"IsGrandTotalRowTotal\"\n\t\t\t),\n\t\t\t__DS0FilterTable,\n\t\t\t__DS0FilterTable2,\n\t\t\t\"NewestDate\", 'workspace_users'[NewestDate]\n\t\t)\n\n\tVAR __DS0PrimaryWindowed = \n\t\tTOPN(\n\t\t\t502,\n\t\t\t__DS0Core,\n\t\t\t[IsGrandTotalRowTotal],\n\t\t\t0,\n\t\t\t'workspaces'[name],\n\t\t\t1,\n\t\t\t'workspace_users'[emailAddress],\n\t\t\t1,\n\t\t\t'workspace_users'[groupUserAccessRight],\n\t\t\t1\n\t\t)\n\nEVALUATE\n\t__DS0PrimaryWindowed\n\nORDER BY\n\t[IsGrandTotalRowTotal] DESC,\n\t'workspaces'[name],\n\t'workspace_users'[emailAddress],\n\t'workspace_users'[groupUserAccessRight]","specification/serializerSettings/includeNulls":false},"authentication":"@parameters('$authentication')"}},"ParseJSON2":{"runAfter":{"RunQueryUserEmail":["Succeeded"]},"metadata":{"operationMetadataId":"546ea824-15ef-471f-8462-ae47e4630f6e"},"type":"ParseJson","inputs":{"content":"@outputs('RunQueryUserEmail')?['body/firstTableRows']","schema":{"type":"array","items":{"type":"object","properties":{"[IsGrandTotalRowTotal]":{"type":"boolean"},"[NewestDate]":{"type":"string"},"workspaces[name]":{"type":"string"},"workspace_users[emailAddress]":{"type":"string"},"workspace_users[groupUserAccessRight]":{"type":"string"}},"required":["[IsGrandTotalRowTotal]","[NewestDate]"]}}}},"Apply_to_each_3":{"foreach":"@body('ParseJSON2')","actions":{"workspace_user_email":{"runAfter":{},"metadata":{"operationMetadataId":"97c13ff7-2bff-4add-ae1a-e370423e6c1d"},"type":"AppendToArrayVariable","inputs":{"name":"AdminWorkspaceEmailUser2","value":"@items('Apply_to_each_3')?['workspace_users[emailAddress]']"}},"Append_to_array_variable_3":{"runAfter":{"workspace_user_email":["Succeeded"]},"metadata":{"operationMetadataId":"a8646bb5-2daf-498c-949a-eee5d5830d3d"},"type":"AppendToArrayVariable","inputs":{"name":"Workspace_name","value":"@items('Apply_to_each_3')?['workspaces[name]']"}},"Post_message_in_a_chat_or_channel":{"runAfter":{"Append_to_array_variable_3":["Succeeded"]},"metadata":{"operationMetadataId":"d1b7e143-a94c-4d34-a35e-2429097391ef"},"type":"OpenApiConnection","inputs":{"host":{"apiId":"/providers/Microsoft.PowerApps/apis/shared_teams","connectionName":"shared_teams","operationId":"PostMessageToConversation"},"parameters":{"poster":"Flow bot","location":"Chat with Flow bot","body/recipient":"@{items('Apply_to_each_3')?['workspace_users[emailAddress]']};;","body/messageBody":"<p>Review your Power BI workspace ownership</p><p><b><strong style=\"color: rgb(208, 2, 27);\">Your workspace is out of compliance</strong></b></p><p>You’re the owner of @{items('Apply_to_each_3')?['workspaces[name]']}<span> and it needs your review. All Power BI workspaces must have at least two admins, one of whom must be a SAP full-time employee.\n\nAction: Add a workspace admin to meet the above requirement.</span></p><br><p><span>Your responsibilities as a Power BI Administrator\nYou’re accountable for the security and legal compliance of the workspace and its content\n</span></p>\n\nNewstDate @{items('Apply_to_each_3')['[NewestDate]']}\nworkspacename @{items('Apply_to_each_3')?['workspaces[name]']}\nemail@{items('Apply_to_each_3')?['workspace_users[emailAddress]']}\nworkspaceright @{items('Apply_to_each_3')?['workspace_users[groupUserAccessRight]']}"},"authentication":"@parameters('$authentication')"}}},"runAfter":{"ParseJSON2":["Succeeded"]},"metadata":{"operationMetadataId":"3061facb-baff-46b5-8120-9de090f0a988"},"type":"Foreach"}},"runAfter":{"Append_to_array_variable":["Succeeded"]},"expression":{"and":[{"equals":["@items('Apply_to_each')?['[AdminCountNewestDate]']",1]}]},"metadata":{"operationMetadataId":"be2c647d-5d8e-4e97-9c93-6036cdbb956e"},"type":"If"},"Append_to_array_variable":{"runAfter":{},"metadata":{"operationMetadataId":"3177d1fb-c25b-4be7-8cc5-d1a422335cf3"},"type":"AppendToArrayVariable","inputs":{"name":"SingleAdminWorkspaces","value":"@items('Apply_to_each')"}}},"runAfter":{"Workspace_name":["Succeeded"]},"metadata":{"operationMetadataId":"2edb015a-434a-4b84-89a9-1fb54f2c7bd0"},"type":"Foreach"},"AdminWorkspaceEmailUser2":{"runAfter":{"SingleAdminWorkspaces":["Succeeded"]},"metadata":{"operationMetadataId":"4fa513db-0863-44c3-b358-1702819a6bd2"},"type":"InitializeVariable","inputs":{"variables":[{"name":"AdminWorkspaceEmailUser2","type":"array","value":[]}]}},"Workspace_name":{"runAfter":{"AdminWorkspaceEmailUser2":["Succeeded"]},"metadata":{"operationMetadataId":"4fa513db-0863-44c3-b358-1702819a6bd2"},"type":"InitializeVariable","inputs":{"variables":[{"name":"Workspace_name","type":"array","value":[]}]}}},"outputs":{}},"connectionReferences":{"shared_powerbi":{"connectionName":"3778f1c5a3c94ba1aca9d0b21e201d1c","source":"Embedded","id":"/providers/Microsoft.PowerApps/apis/shared_powerbi","tier":"NotSpecified"},"shared_teams":{"connectionName":"shared-teams-33b6f3a4-f7ea-40d2-bb5e-cfc0647b89a3","source":"Embedded","id":"/providers/Microsoft.PowerApps/apis/shared_teams","tier":"NotSpecified"}},"flowFailureAlertSubscribed":false,"isManaged":false}}